{
    "steps": [
        0,
        10,
        20,
        30,
        40,
        50,
        60,
        70,
        80,
        90,
        100,
        110,
        116
    ],
    "hotpot_loss": [
        1.8874485492706299,
        1.824980616569519,
        1.8148261308670044,
        1.8258074522018433,
        1.8528409004211426,
        1.8918886184692383,
        1.912533164024353,
        1.920215368270874,
        1.9329087734222412,
        1.9412931203842163,
        1.9485507011413574,
        1.9516465663909912,
        1.9522426128387451
    ],
    "math_loss": [
        1.0866037607192993,
        1.1533132791519165,
        1.2164723873138428,
        1.2586162090301514,
        1.3493338823318481,
        1.5234156847000122,
        1.633847951889038,
        1.6666834354400635,
        1.7150511741638184,
        1.756235957145691,
        1.7970986366271973,
        1.8136407136917114,
        1.8168144226074219
    ]
}