{
    "steps": [
        0,
        10,
        20,
        30,
        40,
        50,
        60,
        70,
        80,
        90,
        100,
        110,
        116
    ],
    "hotpot_loss": [
        1.8919100761413574,
        1.8342790603637695,
        1.9349744319915771,
        1.9546546936035156,
        1.99964439868927,
        2.0365779399871826,
        2.024184465408325,
        2.0888588428497314,
        2.086188316345215,
        2.080158233642578,
        2.109821319580078,
        2.0854830741882324,
        2.0881404876708984
    ],
    "math_loss": [
        1.0882658958435059,
        1.2680211067199707,
        1.7034121751785278,
        1.8300793170928955,
        2.030966281890869,
        2.1777427196502686,
        2.130934715270996,
        2.257214307785034,
        2.23415207862854,
        2.19574236869812,
        2.2452547550201416,
        2.1889796257019043,
        2.1974308490753174
    ]
}