{
    "steps": [
        0,
        10,
        20,
        30,
        40,
        50,
        60,
        70,
        80,
        90,
        100,
        110,
        116
    ],
    "hotpot_loss": [
        1.8930115699768066,
        1.8523530960083008,
        1.8384068012237549,
        1.8300107717514038,
        1.8229947090148926,
        1.8170746564865112,
        1.8133584260940552,
        1.8118880987167358,
        1.8116731643676758,
        1.8117722272872925,
        1.812004566192627,
        1.8121577501296997,
        1.8121930360794067
    ],
    "math_loss": [
        1.0868982076644897,
        1.1041936874389648,
        1.1156468391418457,
        1.1302337646484375,
        1.138643741607666,
        1.1453827619552612,
        1.1564934253692627,
        1.1637802124023438,
        1.1679846048355103,
        1.1706889867782593,
        1.1722887754440308,
        1.173313021659851,
        1.1738412380218506
    ]
}